<beans xmlns:xsi="http://www.w3.org/2001/XMLSchema-instance"
	xmlns:mvc="http://www.springframework.org/schema/mvc" xmlns="http://www.springframework.org/schema/beans"
	xmlns:context="http://www.springframework.org/schema/context"
	xsi:schemaLocation="http://www.springframework.org/schema/mvc 
       http://www.springframework.org/schema/mvc/spring-mvc.xsd 
       http://www.springframework.org/schema/beans
 		http://www.springframework.org/schema/beans/spring-beans.xsd
 		http://www.springframework.org/schema/context 
        http://www.springframework.org/schema/context/spring-context.xsd">

	<mvc:annotation-driven />
	<context:component-scan base-package="com.demo.web" />
	
	<mvc:default-servlet-handler/>

	<bean id="userTO" class="com.demo.model.User"></bean>
	<bean id="customRowMapper" class="com.demo.model.CustomRowMapper"></bean>

	<bean id="userDao" class="com.demo.dao.UserDaoImpl">
		<constructor-arg name="customRowMapper" ref="customRowMapper" />
		<constructor-arg name="jdbcTemplate" ref="jdbcTemplate" />
	</bean>

	<bean id="userService" class="com.demo.service.UserServiceImpl">
		<constructor-arg name="userDao" ref="userDao" />
	</bean>

	<mvc:view-resolvers>
	<bean
		class="org.springframework.web.servlet.view.InternalResourceViewResolver">
		<property name="prefix">
			<value>/WEB-INF/</value>
		</property>
		<property name="suffix">
			<value>.jsp</value>
		</property>
	</bean>
	</mvc:view-resolvers>
</beans> 